epoch,train_loss,val_loss,mean_pseudo_dice,epoch_time_seconds
0,0.4982,0.335,0.0,135.84
1,0.3143,0.284,0.0001375,129.12
2,0.2269,0.1595,0.0692,129.0
3,0.117,0.046,0.1465,129.0
4,0.0328,0.0372,0.167825,129.21
5,0.0018,-0.0684,0.2028875,130.82
6,-0.1129,-0.1512,0.3049,130.93
7,-0.189,-0.1772,0.3273375,130.79
8,-0.2431,-0.3043,0.420275,129.54
9,-0.3188,-0.3504,0.51635,129.08
10,-0.3947,-0.4081,0.5412375,129.1
11,-0.4057,-0.4519,0.563275,129.69
12,-0.4723,-0.4913,0.572325,130.76
13,-0.4685,-0.5294,0.5900375,130.85
14,-0.4954,-0.5048,0.5859625,130.69
15,-0.5214,-0.5557,0.66845,129.12
16,-0.5247,-0.5918,0.6893125,129.19
17,-0.5409,-0.5945,0.689975,129.01
18,-0.5627,-0.5832,0.6886125,129.05
19,-0.564,-0.546,0.6539874999999999,129.05
20,-0.5692,-0.5753,0.6671125,129.12
21,-0.5813,-0.5982,0.700175,129.67
22,-0.6118,-0.6282,0.7433875,130.81
23,-0.6324,-0.632,0.7641249999999999,130.86
24,-0.6355,-0.6737,0.7635875,130.78
25,-0.6414,-0.6843,0.7833,129.12
26,-0.6556,-0.6792,0.8015625,129.0
27,-0.6679,-0.6917,0.80115,129.05
28,-0.6758,-0.6389,0.751475,130.29
29,-0.6886,-0.6659,0.75275,130.91
30,-0.6799,-0.6859,0.7912125,130.84
31,-0.6925,-0.7096,0.7821375,130.1
32,-0.6809,-0.7244,0.8227,128.99
33,-0.6812,-0.7049,0.8113,128.98
34,-0.6857,-0.6716,0.797075,129.01
35,-0.6836,-0.7331,0.824,129.04
36,-0.6762,-0.6851,0.801,129.11
37,-0.7045,-0.6814,0.7563625,129.09
38,-0.698,-0.7093,0.8141125,130.2
39,-0.7092,-0.7078,0.8094625,130.96
40,-0.7093,-0.6996,0.8079500000000001,130.87
41,-0.7088,-0.7378,0.8203625,130.35
42,-0.7092,-0.6991,0.7989125,129.05
43,-0.7255,-0.7261,0.8255,129.11
44,-0.7253,-0.738,0.815525,129.13
45,-0.7379,-0.7405,0.8280125,130.73
46,-0.7128,-0.691,0.8062625,130.87
47,-0.7114,-0.7298,0.8060125,130.83
48,-0.7173,-0.7562,0.844675,129.53
49,-0.7294,-0.7184,0.817575,129.08
50,-0.7224,-0.6939,0.80625,129.3
51,-0.7166,-0.7373,0.8286875,129.06
52,-0.7291,-0.7259,0.826175,129.08
53,-0.7497,-0.7459,0.8324,129.07
54,-0.7383,-0.737,0.8324374999999999,129.14
55,-0.7268,-0.7265,0.8241875,130.86
56,-0.7288,-0.7494,0.838625,131.0
57,-0.737,-0.6963,0.7693875,130.83
58,-0.744,-0.7583,0.8499375,129.66
59,-0.7365,-0.7396,0.8408875,129.05
60,-0.7318,-0.7635,0.848125,129.16
61,-0.7403,-0.7582,0.84795,129.84
62,-0.7451,-0.7217,0.8263375,130.89
63,-0.7316,-0.7231,0.7845125000000001,130.74
64,-0.7419,-0.747,0.8530375,130.52
65,-0.7325,-0.7577,0.8421375,129.08
66,-0.7463,-0.779,0.8579375,129.13
67,-0.7614,-0.7588,0.84885,129.15
68,-0.7336,-0.7269,0.8222125,129.31
69,-0.7451,-0.7423,0.8357625,129.09
70,-0.7573,-0.7345,0.8432999999999999,129.16
71,-0.7556,-0.7193,0.8377375,129.97
72,-0.7503,-0.7585,0.8194875,130.87
73,-0.7464,-0.7548,0.8001625,131.01
74,-0.7498,-0.7253,0.8315125,130.58
75,-0.7517,-0.7691,0.8560375,129.12
76,-0.7435,-0.7695,0.8565375,129.07
77,-0.7552,-0.7488,0.8477375,129.02
78,-0.7533,-0.7432,0.825575,130.45
79,-0.7381,-0.7338,0.8419,130.73
80,-0.7434,-0.76,0.8510375,131.02
81,-0.759,-0.7741,0.8558125,129.79
82,-0.7688,-0.7262,0.78225,128.98
83,-0.748,-0.7555,0.85205,129.14
84,-0.752,-0.7626,0.845525,129.08
85,-0.7389,-0.7541,0.8072625,129.07
86,-0.7448,-0.7672,0.8554875,129.1
87,-0.7545,-0.7532,0.8473375,129.08
88,-0.7469,-0.7479,0.8433875,130.77
89,-0.7606,-0.7759,0.8556375,130.76
90,-0.7564,-0.7342,0.8276,130.9
91,-0.7678,-0.77,0.8638875,129.71
92,-0.7536,-0.7733,0.852275,129.04
93,-0.7507,-0.7545,0.8362499999999999,129.09
94,-0.7582,-0.7636,0.8286625,129.8
95,-0.7611,-0.7587,0.8448375,130.89
96,-0.7587,-0.7617,0.850525,130.97
97,-0.7595,-0.7389,0.834225,130.63
98,-0.7585,-0.7703,0.8527125,129.05
99,-0.7596,-0.7588,0.856275,129.08
100,-0.762,-0.7859,0.86675,129.16
101,-0.7553,-0.7548,0.8479625,129.13
102,-0.7601,-0.765,0.85755,129.05
103,-0.7589,-0.7738,0.84095,129.04
104,-0.7483,-0.7686,0.85305,129.92
105,-0.7595,-0.7664,0.8519875,130.97
106,-0.7633,-0.7777,0.8570249999999999,130.86
107,-0.7628,-0.7522,0.8488375,130.49
108,-0.7738,-0.7856,0.8697375,129.19
109,-0.7582,-0.7326,0.8279875,129.18
110,-0.7471,-0.7684,0.8558749999999999,129.09
111,-0.7654,-0.7496,0.8443125,130.74
112,-0.768,-0.7816,0.8701,130.81
113,-0.7605,-0.7766,0.8613625,130.85
114,-0.7699,-0.7595,0.8082875,129.61
115,-0.7654,-0.7574,0.826875,129.11
116,-0.7628,-0.7755,0.8575125,129.02
117,-0.7555,-0.724,0.825925,129.06
118,-0.7746,-0.7709,0.8475875,129.13
119,-0.7576,-0.7542,0.8516125,129.04
120,-0.782,-0.7693,0.85305,129.13
121,-0.7826,-0.7988,0.87035,130.7
122,-0.7658,-0.7679,0.8532375,130.85
123,-0.7679,-0.7711,0.8493375,131.12
124,-0.7606,-0.7679,0.85755,129.44
125,-0.7653,-0.7731,0.8419125,129.04
126,-0.7482,-0.7512,0.8408875,129.09
127,-0.7504,-0.756,0.842025,130.08
128,-0.7609,-0.7671,0.8431375,130.97
129,-0.7553,-0.7542,0.816025,130.85
130,-0.7717,-0.7633,0.8514375,130.44
131,-0.7718,-0.7555,0.8545875,129.08
132,-0.7832,-0.7423,0.840925,129.14
133,-0.7708,-0.7737,0.854575,129.18
134,-0.765,-0.7678,0.8528125,129.02
135,-0.7675,-0.7743,0.8628125,129.13
136,-0.7699,-0.7865,0.8539625,129.06
137,-0.7704,-0.777,0.8517125,130.17
138,-0.7787,-0.77,0.854,130.93
139,-0.7834,-0.7876,0.8659875,130.93
140,-0.7635,-0.7835,0.8507375,130.12
141,-0.7652,-0.7655,0.8495125,129.05
142,-0.7715,-0.7785,0.8621875,129.08
143,-0.7858,-0.7744,0.8277125,129.62
144,-0.7683,-0.7703,0.86665,130.92
145,-0.7674,-0.7698,0.848175,130.73
146,-0.7725,-0.7609,0.8505875,130.75
147,-0.7797,-0.781,0.8609125,129.46
148,-0.7705,-0.7685,0.8487,129.1
149,-0.7626,-0.7813,0.8634,129.17
150,-0.779,-0.7919,0.8616,129.32
151,-0.7728,-0.7873,0.865625,129.09
152,-0.771,-0.7907,0.87305,129.14
153,-0.7734,-0.7756,0.8397625,129.55
154,-0.7797,-0.7944,0.8670125,130.9
155,-0.7651,-0.7612,0.8525875,131.0
156,-0.7775,-0.7839,0.86305,130.83
157,-0.7769,-0.7976,0.8755125,129.16
158,-0.7807,-0.7985,0.8734125,129.06
159,-0.7755,-0.7749,0.851075,129.15
160,-0.7767,-0.7782,0.852075,130.54
161,-0.768,-0.7874,0.8637875,130.98
162,-0.7886,-0.791,0.8608,130.94
163,-0.7807,-0.7545,0.8044250000000001,130.02
164,-0.7764,-0.7867,0.8266375,129.11
165,-0.7834,-0.7783,0.861475,129.08
166,-0.7874,-0.782,0.85475,129.13
167,-0.767,-0.7577,0.8195,129.14
168,-0.7874,-0.7535,0.8537625,129.02
169,-0.7706,-0.7687,0.8530875,129.04
170,-0.7772,-0.7605,0.852675,130.74
171,-0.7879,-0.7781,0.8621375,130.88
172,-0.7869,-0.7985,0.863275,130.97
173,-0.7972,-0.758,0.8479,129.75
174,-0.7881,-0.7802,0.8717,129.13
175,-0.7745,-0.7649,0.8519,129.01
176,-0.7869,-0.7749,0.8582125,129.8
177,-0.7832,-0.7766,0.8659875,130.93
178,-0.7776,-0.7776,0.8589625,130.89
179,-0.7712,-0.7848,0.8641625000000001,130.83
180,-0.7747,-0.7822,0.8596625,129.1
181,-0.7774,-0.7649,0.8509125,129.18
182,-0.7823,-0.7869,0.8713375,129.2
183,-0.7859,-0.7784,0.8551625,129.1
184,-0.7654,-0.7728,0.84705,129.04
185,-0.7755,-0.7963,0.8747375,129.07
186,-0.7901,-0.7327,0.8373125,130.29
187,-0.7673,-0.7617,0.7857125,130.96
188,-0.7846,-0.7711,0.8478,130.84
189,-0.7706,-0.7644,0.8582125,130.17
190,-0.7786,-0.7689,0.848425,129.02
191,-0.7845,-0.7829,0.8634125,129.12
192,-0.7808,-0.7721,0.820225,129.31
193,-0.7807,-0.7852,0.8622125,130.88
194,-0.7751,-0.7834,0.8500125000000001,130.86
195,-0.7897,-0.7913,0.87115,130.91
196,-0.7894,-0.7799,0.8606374999999999,129.3
197,-0.7769,-0.7732,0.8557625,129.14
198,-0.7887,-0.7998,0.87295,129.13
199,-0.7876,-0.7609,0.8344625,129.03
200,-0.7793,-0.7618,0.8462125,129.07
201,-0.7833,-0.7702,0.85985,129.15
202,-0.779,-0.7547,0.8498625,129.73
203,-0.7697,-0.7507,0.843075,130.95
204,-0.7838,-0.7656,0.852275,130.88
205,-0.7805,-0.7877,0.8634,130.65
206,-0.7747,-0.7686,0.8190375,129.09
207,-0.7719,-0.7682,0.8568125,129.15
208,-0.7693,-0.7467,0.8345125,129.18
209,-0.7714,-0.7764,0.8521624999999999,130.67
210,-0.7802,-0.8042,0.873825,131.17
211,-0.7715,-0.7909,0.8688375,130.81
212,-0.7717,-0.784,0.8667125,129.71
213,-0.7683,-0.7935,0.8707125,129.06
214,-0.7717,-0.7733,0.8593999999999999,129.03
215,-0.7872,-0.8041,0.8700625,129.13
216,-0.7848,-0.7974,0.8693,129.1
217,-0.7772,-0.7822,0.8672124999999999,129.1
218,-0.7757,-0.7996,0.87775,129.53
219,-0.7831,-0.7897,0.86905,131.01
220,-0.7843,-0.7834,0.8323,131.02
221,-0.7887,-0.812,0.8690875,130.78
222,-0.7797,-0.7779,0.8589125,129.12
223,-0.7841,-0.7832,0.864125,129.03
224,-0.7881,-0.7595,0.8464875000000001,129.09
225,-0.7886,-0.7656,0.8486375,130.54
226,-0.7745,-0.7769,0.8551875,130.98
227,-0.7733,-0.7728,0.852725,131.0
228,-0.7902,-0.7849,0.8692875,129.7
229,-0.7766,-0.7929,0.8727,129.1
230,-0.7955,-0.7785,0.8681,129.17
231,-0.7939,-0.7761,0.8560875,129.08
232,-0.7802,-0.7736,0.8583000000000001,129.14
233,-0.7906,-0.7562,0.834825,129.07
234,-0.7735,-0.8087,0.87325,129.42
235,-0.7762,-0.7928,0.8645125,130.81
236,-0.7783,-0.7857,0.8662,130.84
237,-0.7777,-0.7985,0.8800250000000001,130.86
238,-0.7902,-0.7961,0.8655125,129.12
239,-0.7792,-0.7735,0.8646625,129.13
240,-0.786,-0.785,0.8401000000000001,129.24
241,-0.7705,-0.7726,0.8292625,130.51
242,-0.7792,-0.7894,0.8558375,130.71
243,-0.7761,-0.7746,0.8593625,130.8
244,-0.7842,-0.7867,0.8611875,129.76
245,-0.794,-0.8134,0.8772,129.14
246,-0.7881,-0.8049,0.8647875,129.04
247,-0.7783,-0.789,0.868675,129.14
248,-0.7887,-0.7702,0.858525,129.0
249,-0.7971,-0.7776,0.8666875,129.16
250,-0.7896,-0.7908,0.862225,129.43
251,-0.7805,-0.7658,0.8526625,130.82
252,-0.7873,-0.7977,0.867575,130.95
253,-0.7836,-0.7814,0.8591875,130.89
254,-0.7714,-0.7474,0.8493125,129.12
255,-0.768,-0.8028,0.871225,129.21
256,-0.7835,-0.8067,0.871225,129.06
257,-0.7988,-0.7855,0.8586125,130.53
258,-0.7852,-0.7587,0.8470125,130.87
259,-0.7752,-0.7744,0.8641875,131.04
260,-0.7739,-0.769,0.856725,129.85
261,-0.7785,-0.775,0.821175,129.11
262,-0.7845,-0.7959,0.8473375,129.06
263,-0.7927,-0.7802,0.8633875,129.03
264,-0.7923,-0.7788,0.8588375,129.04
265,-0.7889,-0.7908,0.8625,129.08
266,-0.7833,-0.7613,0.8490875,129.46
267,-0.7762,-0.767,0.8591125,130.89
268,-0.7878,-0.7643,0.8504625,130.86
269,-0.7885,-0.8066,0.87455,130.93
270,-0.7719,-0.7954,0.8735875,129.11
271,-0.7894,-0.7892,0.8660375,129.12
272,-0.7822,-0.7912,0.8750625,129.05
273,-0.7891,-0.7717,0.804575,130.36
274,-0.7905,-0.7664,0.8601125,130.81
275,-0.7769,-0.7812,0.85295,130.91
276,-0.788,-0.7857,0.8417875,129.86
277,-0.7827,-0.7853,0.8671625,129.05
278,-0.768,-0.763,0.81245,129.17
279,-0.792,-0.7873,0.8770249999999999,129.12
280,-0.7839,-0.7734,0.8075375,129.09
281,-0.7908,-0.7971,0.869525,129.02
282,-0.7838,-0.7813,0.8530375,129.56
283,-0.7819,-0.7989,0.86125,130.88
284,-0.781,-0.7781,0.8688,130.93
285,-0.777,-0.7829,0.864575,130.92
286,-0.7878,-0.7975,0.8556625,129.22
287,-0.7922,-0.7859,0.8666625,129.2
288,-0.7933,-0.7481,0.8426,129.05
289,-0.7774,-0.8022,0.8539875,130.64
290,-0.7791,-0.7813,0.8620875,130.86
291,-0.7966,-0.778,0.870125,130.88
292,-0.7976,-0.7696,0.8496250000000001,129.72
293,-0.7763,-0.8073,0.8730125,129.04
294,-0.7875,-0.7769,0.826775,129.17
295,-0.7852,-0.7941,0.8430875,129.05
296,-0.795,-0.7965,0.8726125,128.98
297,-0.7915,-0.7976,0.873475,129.01
298,-0.801,-0.7824,0.868525,129.3
299,-0.7824,-0.7908,0.864325,130.79
300,-0.7935,-0.8147,0.876725,130.88
301,-0.7858,-0.7908,0.8594875,130.8
302,-0.7792,-0.78,0.859625,129.12
303,-0.7773,-0.7599,0.846125,129.04
304,-0.7938,-0.7866,0.871775,129.09
305,-0.7839,-0.8009,0.8701875,130.53
306,-0.7885,-0.7683,0.8560875,130.96
307,-0.7903,-0.7679,0.8577750000000001,130.93
308,-0.7968,-0.796,0.8630625,129.66
309,-0.7982,-0.7827,0.859025,129.05
310,-0.8041,-0.7894,0.8653125,129.05
311,-0.7953,-0.769,0.852525,129.09
312,-0.7931,-0.7795,0.8628375,129.1
313,-0.7944,-0.7968,0.8794500000000001,129.05
314,-0.796,-0.7832,0.8492125,129.9
315,-0.8048,-0.7897,0.854075,131.02
316,-0.795,-0.7929,0.8755625,130.98
317,-0.7876,-0.7726,0.8499375,130.64
318,-0.7876,-0.7852,0.8555875,129.1
319,-0.7683,-0.787,0.8645625,129.0
320,-0.7921,-0.7973,0.8726,129.07
321,-0.7915,-0.7982,0.873,130.69
322,-0.8001,-0.7891,0.86835,130.82
323,-0.8039,-0.8062,0.8817,131.03
324,-0.787,-0.7784,0.8579875,129.45
325,-0.8014,-0.8009,0.881025,129.09
326,-0.773,-0.7512,0.8366625,129.16
327,-0.7788,-0.7911,0.8213125,129.12
328,-0.7858,-0.7813,0.834925,129.09
329,-0.7862,-0.7441,0.8323,129.14
330,-0.7786,-0.7619,0.8573125,129.72
331,-0.7861,-0.7912,0.8749,130.76
332,-0.7915,-0.7789,0.8695875,130.86
333,-0.8002,-0.7824,0.81745,130.52
334,-0.7801,-0.7488,0.8458875,129.13
335,-0.7869,-0.8082,0.87795,129.13
336,-0.7815,-0.7864,0.8681875,129.31
337,-0.7827,-0.7622,0.8556,130.8
338,-0.7853,-0.776,0.8602375,130.88
339,-0.7957,-0.7876,0.8657250000000001,130.91
340,-0.796,-0.7839,0.862825,129.35
341,-0.7938,-0.7969,0.867025,129.12
342,-0.7826,-0.7741,0.823475,129.2
343,-0.8083,-0.7815,0.8679,129.17
344,-0.7922,-0.7707,0.8574875,129.15
345,-0.7894,-0.7919,0.8779125,129.12
346,-0.7929,-0.7973,0.871675,130.17
347,-0.7871,-0.7537,0.8422499999999999,130.93
348,-0.7932,-0.7765,0.8421875,131.15
349,-0.7815,-0.8156,0.8765625,130.42
350,-0.7993,-0.7815,0.8726875000000001,129.37
351,-0.7975,-0.78,0.869025,129.16
352,-0.7997,-0.7946,0.8616,129.48
353,-0.8015,-0.801,0.8733625,131.05
354,-0.79,-0.7842,0.8594125,131.06
355,-0.7986,-0.8004,0.8687875,131.05
356,-0.8069,-0.7633,0.8414874999999999,129.17
357,-0.7917,-0.7887,0.863475,129.27
358,-0.7949,-0.8052,0.8678125,129.2
359,-0.8035,-0.7861,0.865775,129.18
360,-0.7927,-0.7887,0.8754375,129.23
361,-0.7942,-0.7925,0.8670625,129.14
362,-0.7888,-0.7795,0.83105,130.27
363,-0.7809,-0.7944,0.8747625,131.0
364,-0.7908,-0.7875,0.8636625,130.95
365,-0.799,-0.7938,0.86975,130.29
366,-0.7979,-0.7936,0.864875,129.11
367,-0.8077,-0.8004,0.870725,129.26
368,-0.797,-0.7989,0.84945,129.58
369,-0.8059,-0.7901,0.8766125,130.98
370,-0.8024,-0.7948,0.8769625,131.03
371,-0.7911,-0.7947,0.862075,131.11
372,-0.7916,-0.7987,0.8728374999999999,129.24
373,-0.7974,-0.8017,0.87855,129.16
374,-0.8108,-0.7826,0.863775,129.19
375,-0.8003,-0.7828,0.8657125,129.22
376,-0.785,-0.7975,0.8791,129.18
377,-0.7984,-0.807,0.8768125,129.19
378,-0.7972,-0.7908,0.8714375,130.28
379,-0.7951,-0.8118,0.8851625,131.06
380,-0.8072,-0.7731,0.8592125,131.17
381,-0.7935,-0.8119,0.880875,130.29
382,-0.7862,-0.7779,0.861775,129.19
383,-0.7811,-0.7807,0.8600625,129.21
384,-0.7822,-0.7862,0.8415125,129.67
385,-0.8011,-0.7727,0.8392875,131.05
386,-0.7988,-0.8073,0.8696875000000001,131.09
387,-0.7973,-0.7827,0.870225,130.92
388,-0.7809,-0.778,0.8589375,129.21
389,-0.7892,-0.8154,0.8756,129.11
390,-0.7891,-0.7935,0.8705125,129.17
391,-0.8022,-0.8126,0.876325,129.26
392,-0.7897,-0.8008,0.8738875,129.2
393,-0.7914,-0.7895,0.8733375,129.15
394,-0.8034,-0.7992,0.8763624999999999,130.39
395,-0.7969,-0.7809,0.8545375000000001,131.09
396,-0.7994,-0.8104,0.8743125,131.25
397,-0.7732,-0.7804,0.841475,130.1
398,-0.7781,-0.7679,0.8581875,129.26
399,-0.7841,-0.7972,0.875325,129.35
400,-0.7965,-0.8125,0.8659875,130.04
401,-0.8004,-0.7913,0.8692,131.01
402,-0.7976,-0.7994,0.865875,131.19
403,-0.7988,-0.7785,0.8517,130.73
404,-0.8046,-0.7675,0.82505,129.16
405,-0.7983,-0.8015,0.875525,129.21
406,-0.788,-0.7805,0.8555375000000001,129.22
407,-0.8023,-0.8017,0.883325,129.16
408,-0.8008,-0.8038,0.8758375,129.15
409,-0.8034,-0.8197,0.8800375,129.21
410,-0.7995,-0.7764,0.8485,130.79
411,-0.8056,-0.7644,0.863725,131.11
412,-0.7857,-0.7995,0.872125,131.03
413,-0.8024,-0.8054,0.87115,129.75
414,-0.7994,-0.7955,0.8426875,129.27
415,-0.7942,-0.8031,0.8712,129.14
416,-0.794,-0.7766,0.862325,129.92
417,-0.7947,-0.7885,0.8737,131.16
418,-0.7855,-0.7895,0.87965,131.11
419,-0.8071,-0.8036,0.8762375,130.5
420,-0.7973,-0.7846,0.856075,129.18
421,-0.7839,-0.8036,0.875625,129.15
422,-0.7973,-0.7888,0.87115,129.26
423,-0.7835,-0.7798,0.8636125,129.22
424,-0.7838,-0.802,0.8822375,129.2
425,-0.786,-0.8093,0.8815625,129.13
426,-0.7914,-0.7963,0.868425,130.96
427,-0.8071,-0.7896,0.870675,131.15
428,-0.8009,-0.8035,0.8225,130.99
429,-0.7951,-0.7959,0.8623125,129.54
430,-0.8027,-0.8032,0.8692624999999999,129.19
431,-0.7946,-0.8085,0.8726375,129.17
432,-0.7991,-0.7636,0.8117125000000001,130.38
433,-0.7843,-0.7865,0.8599375,131.04
434,-0.8068,-0.8161,0.878325,131.09
435,-0.8026,-0.7737,0.8485125,130.06
436,-0.8035,-0.8033,0.8770625,129.22
437,-0.8078,-0.7812,0.86485,129.2
438,-0.796,-0.7861,0.8703,129.23
439,-0.7976,-0.7911,0.8355625,129.22
440,-0.8129,-0.8005,0.870875,129.28
441,-0.8092,-0.8226,0.8750375,129.63
442,-0.7972,-0.8029,0.8409,131.13
443,-0.8055,-0.8061,0.847375,131.08
444,-0.7996,-0.8233,0.8751,130.85
445,-0.7901,-0.7987,0.8773625,129.2
446,-0.8136,-0.8217,0.8841375,129.25
447,-0.8118,-0.7867,0.8643000000000001,129.24
448,-0.8016,-0.7587,0.8613,130.99
449,-0.8048,-0.8188,0.8795375,131.07
450,-0.8106,-0.7915,0.8599625,131.08
451,-0.8087,-0.7979,0.8661749999999999,129.54
452,-0.7859,-0.7769,0.8308375,129.16
453,-0.804,-0.8001,0.8776125,129.14
454,-0.7914,-0.7924,0.8693375,129.19
455,-0.794,-0.7971,0.868925,129.23
456,-0.7945,-0.8124,0.8812125,129.27
457,-0.7878,-0.8159,0.8796375000000001,130.23
458,-0.8088,-0.8041,0.859325,131.11
459,-0.8116,-0.7943,0.871625,131.14
460,-0.7969,-0.7781,0.8601125000000001,130.14
461,-0.8067,-0.7978,0.873275,129.12
462,-0.7929,-0.7975,0.8413125,129.16
463,-0.7908,-0.7912,0.8683875,129.71
464,-0.793,-0.8005,0.865725,131.05
465,-0.7967,-0.7797,0.8697375,137.26
466,-0.8001,-0.7921,0.8758125,153.08
467,-0.8039,-0.7972,0.8715375000000001,142.07
468,-0.7963,-0.8076,0.8766,129.48
469,-0.7922,-0.8038,0.8709875,129.6
470,-0.7961,-0.8264,0.880825,129.53
471,-0.8083,-0.7943,0.832725,129.51
472,-0.8087,-0.8006,0.8689125,129.64
473,-0.8025,-0.7998,0.871775,129.97
474,-0.8071,-0.8267,0.8909,131.38
475,-0.8181,-0.7936,0.8734375,131.52
476,-0.8048,-0.8145,0.875725,131.14
477,-0.8134,-0.813,0.8719125,129.57
478,-0.7967,-0.7947,0.8554625,129.45
479,-0.8044,-0.7804,0.865325,129.42
480,-0.7934,-0.7899,0.8506125,129.58
481,-0.7956,-0.8046,0.865675,131.22
482,-0.8096,-0.8017,0.8810375,131.47
483,-0.8014,-0.7863,0.8732875,129.82
484,-0.8056,-0.8017,0.8826625,129.4
485,-0.8116,-0.8066,0.8677625,129.26
486,-0.801,-0.7919,0.825875,129.52
487,-0.7926,-0.795,0.8491125,129.49
488,-0.8036,-0.7675,0.8304625,129.56
489,-0.7954,-0.7987,0.879475,130.45
490,-0.7948,-0.7985,0.8734875,131.46
491,-0.7847,-0.804,0.885025,131.46
492,-0.7975,-0.7818,0.864125,130.68
493,-0.8028,-0.7876,0.8585375,129.49
494,-0.8023,-0.7968,0.8749750000000001,129.4
495,-0.807,-0.7825,0.8646625,129.5
496,-0.8046,-0.7801,0.856775,129.54
497,-0.8146,-0.8187,0.874625,131.46
498,-0.8068,-0.8127,0.8808,131.36
499,-0.7995,-0.8145,0.88015,129.54
500,-0.805,-0.8026,0.8622375,129.56
501,-0.7997,-0.7986,0.8597875,129.54
502,-0.8001,-0.773,0.8526875,129.38
503,-0.8029,-0.7977,0.8525875,129.53
504,-0.8053,-0.7742,0.8588625,136.47
505,-0.792,-0.7872,0.86065,148.04
506,-0.8003,-0.8051,0.8717375,141.86
507,-0.7967,-0.7852,0.8696375000000001,137.15
508,-0.7936,-0.8084,0.87245,137.13
509,-0.8082,-0.8151,0.8854,134.15
510,-0.8036,-0.8179,0.8823125,125.2
511,-0.7874,-0.8018,0.872575,125.51
512,-0.8065,-0.7781,0.8700375,125.78
513,-0.8119,-0.7821,0.86705,125.26
514,-0.8053,-0.776,0.8660625,125.58
515,-0.7962,-0.8149,0.8774375,125.44
516,-0.802,-0.764,0.861,125.06
517,-0.7928,-0.8068,0.8872125,125.46
518,-0.8034,-0.7765,0.80755,125.73
519,-0.8083,-0.8289,0.887325,124.95
520,-0.8045,-0.7855,0.8633875,125.13
521,-0.7942,-0.7815,0.822125,125.47
522,-0.8031,-0.7957,0.82895,125.07
523,-0.8066,-0.8014,0.8717874999999999,125.24
524,-0.806,-0.801,0.8476874999999999,125.3
525,-0.7942,-0.7925,0.871725,125.46
526,-0.8017,-0.8164,0.8765499999999999,125.32
527,-0.8146,-0.807,0.875275,125.04
528,-0.8078,-0.8244,0.8863,126.0
529,-0.8029,-0.7714,0.8665,126.68
530,-0.8094,-0.7855,0.8638625,125.13
531,-0.8096,-0.8009,0.8542000000000001,125.43
532,-0.8064,-0.7701,0.8054749999999999,125.16
533,-0.8086,-0.8276,0.88345,125.42
534,-0.7973,-0.7765,0.8608750000000001,125.16
535,-0.8027,-0.7865,0.865575,125.28
536,-0.803,-0.7844,0.8334874999999999,125.01
537,-0.8095,-0.7797,0.8594875,125.09
538,-0.8125,-0.8217,0.885375,125.25
539,-0.8088,-0.8318,0.8845375,125.25
540,-0.8002,-0.7943,0.8698375,125.16
541,-0.8139,-0.7547,0.842375,125.12
542,-0.7945,-0.819,0.8825000000000001,125.3
543,-0.7954,-0.8156,0.8827375,125.19
544,-0.7955,-0.8114,0.879125,125.18
545,-0.8001,-0.803,0.840425,125.28
546,-0.8035,-0.8009,0.8640125,125.25
547,-0.8027,-0.8138,0.8891375,125.2
548,-0.8096,-0.8157,0.876725,125.13
549,-0.8116,-0.8041,0.8525875,125.22
550,-0.8158,-0.7952,0.872325,130.87
551,-0.817,-0.8234,0.8781,122.75
552,-0.8064,-0.8103,0.8761875,122.61
553,-0.7931,-0.8035,0.8644875,122.56
554,-0.7917,-0.784,0.8700875,122.54
555,-0.8066,-0.8075,0.848475,122.58
556,-0.7978,-0.8109,0.876075,122.67
557,-0.813,-0.8206,0.8944624999999999,122.9
558,-0.8104,-0.8173,0.8742625,122.66
559,-0.8227,-0.8307,0.89505,122.53
560,-0.7943,-0.8085,0.874825,122.62
561,-0.8223,-0.8098,0.8848625,122.78
562,-0.8034,-0.8101,0.875875,122.73
563,-0.8068,-0.7883,0.8325,122.71
564,-0.8083,-0.8211,0.876375,122.72
565,-0.8157,-0.805,0.8809,122.76
566,-0.8095,-0.7942,0.836375,122.66
567,-0.8134,-0.8077,0.8844875,122.54
568,-0.7954,-0.7934,0.866325,122.32
569,-0.8138,-0.7779,0.83915,122.25
570,-0.8042,-0.8249,0.88935,122.36
571,-0.8023,-0.8251,0.89145,122.57
572,-0.8088,-0.7912,0.8659625,122.62
573,-0.8027,-0.7951,0.82415,122.51
574,-0.8115,-0.801,0.8783875,122.44
575,-0.8138,-0.7975,0.88365,122.46
576,-0.8024,-0.805,0.8832,122.46
577,-0.7977,-0.7942,0.8780125,122.45
578,-0.8094,-0.8065,0.8768374999999999,122.48
579,-0.8168,-0.8149,0.87825,122.47
580,-0.817,-0.8127,0.8835625,122.46
581,-0.8061,-0.8002,0.8716625,122.44
582,-0.8195,-0.8125,0.8891375,122.31
583,-0.8186,-0.7953,0.8765125,122.32
584,-0.8153,-0.8105,0.8777874999999999,122.36
585,-0.8173,-0.7806,0.8526,122.5
586,-0.8147,-0.7972,0.8365750000000001,122.56
587,-0.811,-0.7847,0.86715,122.62
588,-0.8131,-0.7956,0.8727375,122.53
589,-0.8195,-0.7988,0.8764375,122.49
590,-0.8121,-0.8008,0.83895,122.51
591,-0.8093,-0.7847,0.8617250000000001,122.5
592,-0.7912,-0.791,0.86185,122.49
593,-0.7961,-0.7999,0.8785625,122.53
594,-0.8076,-0.8082,0.8759,122.54
595,-0.8116,-0.7999,0.8690125,122.55
596,-0.8132,-0.8185,0.8800125,122.39
597,-0.8093,-0.8206,0.8884125,122.31
598,-0.8026,-0.8291,0.8891625,122.32
599,-0.8169,-0.8029,0.8495125,122.56
600,-0.812,-0.7988,0.8210375,122.58
601,-0.811,-0.8028,0.882725,122.59
602,-0.8166,-0.8144,0.8812125,122.49
603,-0.8093,-0.8157,0.884625,122.54
604,-0.8048,-0.8307,0.882875,122.6
605,-0.8195,-0.8153,0.8773625,122.64
606,-0.8202,-0.8059,0.8827,122.64
607,-0.8196,-0.8073,0.8894,122.58
608,-0.8195,-0.8102,0.880575,122.61
609,-0.8108,-0.8081,0.8574999999999999,122.56
610,-0.8128,-0.7891,0.865375,122.55
611,-0.8199,-0.8175,0.8526625,122.32
612,-0.8086,-0.7868,0.829925,122.24
613,-0.807,-0.8238,0.8865375,122.4
614,-0.8175,-0.7977,0.8829,122.54
615,-0.8207,-0.8142,0.8882625,122.49
616,-0.8152,-0.8163,0.884975,122.44
617,-0.8168,-0.8066,0.8732,122.61
618,-0.8122,-0.8001,0.8771375,122.51
619,-0.8127,-0.8101,0.8645625,122.5
620,-0.8174,-0.8171,0.880475,122.49
621,-0.8166,-0.8029,0.8814,122.6
622,-0.8284,-0.8078,0.8769750000000001,122.65
623,-0.819,-0.7956,0.85765,122.6
624,-0.8158,-0.8222,0.8818625,122.63
625,-0.8254,-0.8139,0.883975,122.41
626,-0.8239,-0.8233,0.8926999999999999,122.33
627,-0.8167,-0.8352,0.895975,122.32
628,-0.8185,-0.8058,0.8428375,122.51
629,-0.8126,-0.7951,0.8740625,122.54
630,-0.8168,-0.8014,0.8715875,122.53
631,-0.8214,-0.7949,0.85265,122.5
632,-0.8022,-0.8168,0.8532375,122.53
633,-0.8181,-0.8002,0.8750125,122.53
634,-0.8044,-0.7989,0.8694,122.51
635,-0.814,-0.8056,0.872,122.5
636,-0.8192,-0.8212,0.8925125,122.54
637,-0.8098,-0.7977,0.874825,122.58
638,-0.8126,-0.8021,0.872925,122.52
639,-0.8144,-0.8169,0.859675,122.46
640,-0.8201,-0.8052,0.8696,122.28
641,-0.8197,-0.8067,0.8771875,122.37
642,-0.8072,-0.8267,0.8814500000000001,122.39
643,-0.8163,-0.8304,0.8906125,122.57
644,-0.8206,-0.8018,0.8781125,122.53
645,-0.8207,-0.8175,0.8692625,122.55
646,-0.8162,-0.8117,0.8851375,122.49
647,-0.8156,-0.8072,0.8830625,122.49
648,-0.8156,-0.8208,0.8836125,122.55
649,-0.8218,-0.8295,0.8566374999999999,122.49
650,-0.8181,-0.8123,0.830825,122.56
651,-0.819,-0.7962,0.871325,122.51
652,-0.8108,-0.8086,0.885825,122.5
653,-0.8071,-0.8063,0.87755,122.52
654,-0.8111,-0.8061,0.8798375,122.36
655,-0.8194,-0.81,0.876725,122.28
656,-0.8023,-0.8195,0.8886125,122.31
657,-0.8188,-0.8061,0.8750125,122.42
658,-0.8173,-0.8086,0.8650125,122.5
659,-0.7978,-0.7942,0.8667875,122.5
660,-0.8143,-0.8101,0.8322125,122.67
661,-0.8171,-0.8044,0.875225,122.71
662,-0.8102,-0.8165,0.8842125,122.62
663,-0.8197,-0.8053,0.880325,122.59
664,-0.8146,-0.801,0.8779750000000001,122.6
665,-0.8208,-0.7951,0.881075,122.58
666,-0.8272,-0.8127,0.8799,122.55
667,-0.8144,-0.7911,0.8720749999999999,122.59
668,-0.8248,-0.8059,0.8818874999999999,122.46
669,-0.8252,-0.7977,0.832025,122.31
670,-0.824,-0.8422,0.89745,122.28
671,-0.8144,-0.8096,0.8774500000000001,122.34
672,-0.8133,-0.786,0.8731375,122.56
673,-0.8104,-0.8026,0.875725,122.47
674,-0.8212,-0.8272,0.8915625,122.43
675,-0.8169,-0.7868,0.847975,122.46
676,-0.8174,-0.7731,0.8621,122.48
677,-0.8223,-0.8159,0.8863624999999999,122.46
678,-0.8141,-0.798,0.8692124999999999,122.42
679,-0.8196,-0.8141,0.889175,122.47
680,-0.8165,-0.8271,0.891425,122.43
681,-0.8191,-0.8009,0.8654,122.53
682,-0.8087,-0.7993,0.886775,122.44
683,-0.8168,-0.8132,0.879725,122.42
684,-0.8075,-0.8207,0.886575,122.32
685,-0.8226,-0.8026,0.8714125,122.31
686,-0.808,-0.7993,0.865325,122.44
687,-0.8027,-0.8056,0.8407875,122.56
688,-0.8185,-0.7929,0.874275,122.59
689,-0.8078,-0.7839,0.879625,122.49
690,-0.8065,-0.807,0.8798125,122.48
691,-0.8177,-0.7944,0.8612,122.45
692,-0.827,-0.8127,0.8762875,122.47
693,-0.8347,-0.8381,0.89655,122.45
694,-0.8233,-0.8033,0.8779375,122.6
695,-0.825,-0.8096,0.860475,122.62
696,-0.8244,-0.8117,0.8791875,122.63
697,-0.82,-0.8144,0.887525,122.63
698,-0.8252,-0.8166,0.88205,122.34
699,-0.8289,-0.7947,0.8640375,122.32
700,-0.8173,-0.8276,0.893725,122.31
701,-0.8088,-0.8123,0.8827875,122.64
702,-0.8168,-0.8173,0.8817875,122.57
703,-0.8147,-0.8008,0.8804125,122.57
704,-0.8212,-0.8096,0.872625,122.58
705,-0.8199,-0.8064,0.8822125,122.51
706,-0.8155,-0.8183,0.8866875,122.42
707,-0.8298,-0.8113,0.888825,122.42
708,-0.8214,-0.8032,0.8771125,122.43
709,-0.8232,-0.7857,0.870075,122.42
710,-0.8283,-0.8044,0.8839,122.41
711,-0.8195,-0.8139,0.88495,122.46
712,-0.812,-0.8043,0.8850125,122.39
713,-0.8259,-0.8247,0.89625,122.29
714,-0.8279,-0.7985,0.8512375,122.28
715,-0.8203,-0.8055,0.8845625,122.36
716,-0.8188,-0.8367,0.8805375,122.54
717,-0.8221,-0.815,0.8597625,122.41
718,-0.8168,-0.8154,0.86745,122.46
719,-0.8294,-0.8114,0.8806625,122.46
720,-0.826,-0.8257,0.888375,122.48
721,-0.8291,-0.8142,0.8818874999999999,122.45
722,-0.827,-0.8225,0.8810375,122.44
723,-0.8273,-0.8008,0.8784875,122.43
724,-0.8341,-0.82,0.883575,122.46
725,-0.8165,-0.8137,0.8836125,122.48
726,-0.8137,-0.8039,0.873475,122.43
727,-0.809,-0.8225,0.8721875,122.37
728,-0.8168,-0.8115,0.8756125,122.33
729,-0.8212,-0.8184,0.888925,122.37
730,-0.8151,-0.8148,0.8853875,122.44
731,-0.834,-0.8232,0.883725,122.5
732,-0.8289,-0.8071,0.845075,122.44
733,-0.8173,-0.8191,0.85645,122.45
734,-0.8238,-0.793,0.87405,122.45
735,-0.8228,-0.8121,0.8878375000000001,122.45
736,-0.8283,-0.8204,0.8831625,122.49
737,-0.8261,-0.8187,0.890275,122.48
738,-0.8175,-0.7977,0.8732,122.47
739,-0.8288,-0.8249,0.884975,122.45
740,-0.8201,-0.7945,0.870975,122.55
741,-0.8194,-0.8128,0.8792625000000001,122.58
742,-0.819,-0.825,0.881175,122.37
743,-0.8234,-0.8015,0.8684,122.37
744,-0.821,-0.8134,0.8797125,122.33
745,-0.8239,-0.7979,0.8772625000000001,122.51
746,-0.8062,-0.8201,0.8742624999999999,122.54
747,-0.8264,-0.8204,0.890825,122.55
748,-0.8215,-0.8189,0.8753875,122.57
749,-0.8313,-0.8228,0.8876,122.45
750,-0.8369,-0.8246,0.894325,122.43
751,-0.8368,-0.8327,0.8996999999999999,122.45
752,-0.8163,-0.8117,0.8786375,122.45
753,-0.8273,-0.8299,0.8860625,122.46
754,-0.8223,-0.823,0.88265,122.44
755,-0.8269,-0.8151,0.88325,122.45
756,-0.8251,-0.8352,0.8886125,122.45
757,-0.8281,-0.8063,0.8378875,122.34
758,-0.8242,-0.794,0.8686125,122.37
759,-0.8265,-0.8087,0.8809374999999999,122.28
760,-0.828,-0.8224,0.89345,122.59
761,-0.8234,-0.8205,0.88375,122.6
762,-0.8195,-0.8069,0.8798125,122.57
763,-0.8266,-0.8108,0.885175,122.61
764,-0.8344,-0.8231,0.888225,122.44
765,-0.8278,-0.8094,0.8525874999999999,122.48
766,-0.8111,-0.8025,0.87085,122.47
767,-0.8264,-0.8373,0.8953125,122.5
768,-0.8246,-0.8164,0.8943,122.44
769,-0.8311,-0.8113,0.888925,122.4
770,-0.8276,-0.8247,0.889,122.47
771,-0.8286,-0.8069,0.805875,122.44
772,-0.8247,-0.8018,0.85685,122.33
773,-0.8218,-0.8127,0.8637625,122.3
774,-0.8263,-0.8395,0.8961625,122.33
775,-0.8263,-0.8092,0.8593875,122.58
776,-0.8316,-0.8075,0.8830875,122.56
777,-0.8193,-0.8125,0.8794625,122.45
778,-0.8323,-0.8344,0.8904125,122.46
779,-0.826,-0.8176,0.8847875000000001,122.46
780,-0.8317,-0.8163,0.8941875,122.45
781,-0.826,-0.8332,0.8834125,122.54
782,-0.8281,-0.8337,0.889575,122.43
783,-0.8316,-0.8178,0.88355,122.45
784,-0.8334,-0.8138,0.8877875,122.44
785,-0.8142,-0.8138,0.87745,122.47
786,-0.8171,-0.8142,0.8747625,122.41
787,-0.8238,-0.8018,0.870775,122.34
788,-0.8208,-0.8229,0.8865625,122.29
789,-0.8166,-0.8013,0.8696,122.4
790,-0.8219,-0.8076,0.8872625,122.51
791,-0.8295,-0.8325,0.8965,122.42
792,-0.8153,-0.8346,0.890575,122.43
793,-0.8224,-0.8096,0.8829374999999999,122.47
794,-0.8221,-0.8212,0.8870375,122.43
795,-0.8225,-0.812,0.8737874999999999,122.48
796,-0.8271,-0.8186,0.8233874999999999,122.44
797,-0.8301,-0.8165,0.892725,122.45
798,-0.8235,-0.7994,0.8725375,122.48
799,-0.829,-0.8108,0.8887875000000001,122.45
800,-0.8209,-0.8336,0.9049375,122.51
801,-0.8191,-0.8137,0.87955,122.41
802,-0.8127,-0.8166,0.8871125,122.35
803,-0.8285,-0.8338,0.8943625,122.34
804,-0.8287,-0.8148,0.8851125,122.47
805,-0.8344,-0.8353,0.8869125,122.58
806,-0.8138,-0.8161,0.844925,122.49
807,-0.821,-0.7975,0.8477,122.47
808,-0.8223,-0.8071,0.8804375,122.5
809,-0.8252,-0.8268,0.8999,122.47
810,-0.8288,-0.8161,0.89345,122.48
811,-0.8326,-0.7963,0.8372375,122.47
812,-0.8236,-0.8265,0.886925,122.5
813,-0.8324,-0.8137,0.88965,122.49
814,-0.8383,-0.8314,0.894975,122.45
815,-0.8243,-0.8093,0.8829875,122.51
816,-0.8429,-0.8295,0.8969125,122.38
817,-0.8356,-0.8287,0.8952249999999999,122.39
818,-0.8331,-0.8042,0.8835375,122.35
819,-0.8311,-0.804,0.874525,122.55
820,-0.8312,-0.8272,0.8965125,122.45
821,-0.8266,-0.8238,0.8604,122.55
822,-0.8369,-0.8404,0.901725,122.46
823,-0.8314,-0.8127,0.881575,122.45
824,-0.8286,-0.8059,0.8646,122.47
825,-0.8286,-0.8087,0.88225,122.53
826,-0.829,-0.8167,0.8868375000000001,122.45
827,-0.8326,-0.8439,0.896075,122.49
828,-0.8387,-0.8152,0.8853375,122.49
829,-0.8306,-0.8009,0.855775,122.5
830,-0.8267,-0.8188,0.8473875,122.46
831,-0.8317,-0.8295,0.8909,122.37
832,-0.8398,-0.8177,0.88435,122.29
833,-0.8318,-0.8155,0.8806625,122.31
834,-0.8347,-0.8223,0.891425,122.6
835,-0.8312,-0.8216,0.89145,122.6
836,-0.8302,-0.8155,0.8911625,122.56
837,-0.8354,-0.8218,0.8854125,122.48
838,-0.827,-0.8175,0.881025,122.42
839,-0.8382,-0.8368,0.8989625,122.45
840,-0.8435,-0.8326,0.891125,122.75
841,-0.8383,-0.8416,0.8927875000000001,122.52
842,-0.8312,-0.8166,0.8744000000000001,122.43
843,-0.8374,-0.8457,0.9021250000000001,122.56
844,-0.836,-0.8237,0.8933625000000001,122.77
845,-0.8405,-0.8262,0.8908875,122.52
846,-0.84,-0.8365,0.90045,122.33
847,-0.8353,-0.8202,0.8898875,122.35
848,-0.846,-0.8244,0.89125,122.46
849,-0.8324,-0.8299,0.893275,122.59
850,-0.835,-0.8399,0.8917375,122.73
851,-0.8302,-0.8213,0.8908,122.65
852,-0.8451,-0.844,0.9013375,122.95
853,-0.8381,-0.8353,0.8962875,122.57
854,-0.8362,-0.8117,0.881425,122.45
855,-0.84,-0.8245,0.8907,122.45
856,-0.8316,-0.8317,0.8973875,122.43
857,-0.8418,-0.8174,0.8778125,122.44
858,-0.8385,-0.8304,0.894675,122.48
859,-0.8419,-0.8321,0.8892375,122.51
860,-0.8333,-0.8215,0.885775,122.4
861,-0.8309,-0.8077,0.8368249999999999,122.32
862,-0.8304,-0.8295,0.8853875,122.29
863,-0.8335,-0.8033,0.8717625,122.43
864,-0.8381,-0.8215,0.8865625,122.56
865,-0.8329,-0.8142,0.874475,122.46
866,-0.8457,-0.8024,0.891475,122.5
867,-0.8316,-0.8186,0.8885875,122.45
868,-0.8303,-0.8281,0.893625,122.51
869,-0.8406,-0.8158,0.8913125,122.48
870,-0.8387,-0.8291,0.883725,122.45
871,-0.8349,-0.8293,0.890825,122.48
872,-0.8427,-0.833,0.8939,122.45
873,-0.8309,-0.8342,0.8967125,122.47
874,-0.8368,-0.8348,0.900825,122.47
875,-0.8383,-0.8237,0.8964375,122.45
876,-0.8422,-0.8087,0.8897,122.34
877,-0.8455,-0.8175,0.890625,122.3
878,-0.834,-0.8176,0.88695,122.45
879,-0.8323,-0.8341,0.8901625,122.58
880,-0.8447,-0.7913,0.881975,122.5
881,-0.8312,-0.8069,0.86475,122.49
882,-0.8316,-0.8225,0.8926875,122.58
883,-0.84,-0.8235,0.848375,122.5
884,-0.8377,-0.8519,0.9020625,122.54
885,-0.8318,-0.8349,0.8943625,122.54
886,-0.838,-0.8259,0.894475,122.56
887,-0.8412,-0.8382,0.8860875,122.58
888,-0.839,-0.7967,0.8234375,122.5
889,-0.8406,-0.8238,0.8927875,122.53
890,-0.8378,-0.8201,0.9002,122.33
891,-0.8384,-0.8185,0.8324125,122.32
892,-0.8398,-0.8242,0.85785,122.38
893,-0.8441,-0.8277,0.8934,122.59
894,-0.8478,-0.8239,0.89595,122.57
895,-0.8422,-0.828,0.898975,122.48
896,-0.8318,-0.8374,0.895075,122.45
897,-0.8468,-0.8312,0.8958875,122.5
898,-0.8382,-0.8338,0.893425,122.56
899,-0.8461,-0.821,0.8927875000000001,122.62
900,-0.8423,-0.8195,0.893425,122.64
901,-0.845,-0.8425,0.8906375,122.59
902,-0.8463,-0.8023,0.848475,122.6
903,-0.8388,-0.8274,0.8905875,122.61
904,-0.8474,-0.8446,0.9009875,122.66
905,-0.8481,-0.8351,0.8963,122.52
906,-0.8449,-0.8305,0.894,122.36
907,-0.8381,-0.8349,0.89715,122.36
908,-0.8417,-0.8346,0.8953125,122.63
909,-0.8448,-0.8208,0.8941375,122.59
910,-0.8384,-0.8447,0.8987875,122.46
911,-0.8459,-0.8246,0.8550875,122.46
912,-0.8428,-0.8227,0.8848875,122.45
913,-0.8414,-0.8003,0.8730249999999999,122.49
914,-0.8412,-0.806,0.874025,122.45
915,-0.8427,-0.8259,0.8915625,122.45
916,-0.8375,-0.8189,0.8943375,122.46
917,-0.8394,-0.8499,0.907125,122.45
918,-0.8469,-0.8059,0.880475,122.47
919,-0.8451,-0.8389,0.89745,122.39
920,-0.8441,-0.8293,0.8985,122.38
921,-0.8404,-0.8281,0.896425,122.34
922,-0.8446,-0.8028,0.8464125,122.43
923,-0.8465,-0.8169,0.86175,122.56
924,-0.8466,-0.8296,0.8899875,122.49
925,-0.8451,-0.8442,0.8921625,122.47
926,-0.8481,-0.8219,0.899375,122.46
927,-0.8496,-0.8097,0.8326875,122.42
928,-0.8475,-0.811,0.873475,122.45
929,-0.8518,-0.8337,0.8956625,122.43
930,-0.8491,-0.8275,0.905025,122.45
931,-0.853,-0.8416,0.906975,122.4
932,-0.8478,-0.8184,0.8627875,122.48
933,-0.8509,-0.8211,0.8927125,122.43
934,-0.846,-0.833,0.8961749999999999,122.4
935,-0.8429,-0.8197,0.8964,122.29
936,-0.8525,-0.8232,0.889925,122.33
937,-0.8475,-0.8271,0.8912625000000001,122.47
938,-0.845,-0.8258,0.897325,122.59
939,-0.854,-0.8292,0.8527,122.57
940,-0.8462,-0.8241,0.8935124999999999,122.57
941,-0.8539,-0.8186,0.89135,122.45
942,-0.8524,-0.8323,0.89115,122.44
943,-0.8506,-0.8149,0.881875,122.48
944,-0.8511,-0.8378,0.9069625,122.48
945,-0.852,-0.8137,0.8927875000000001,122.46
946,-0.8512,-0.8268,0.893475,122.44
947,-0.8452,-0.8252,0.8998875,122.43
948,-0.8513,-0.825,0.872275,122.47
949,-0.8518,-0.8433,0.9014875,122.37
950,-0.8511,-0.8459,0.8965625,122.37
951,-0.8435,-0.8438,0.8654625,122.29
952,-0.857,-0.8217,0.8228,122.56
953,-0.8488,-0.8299,0.9021750000000001,122.6
954,-0.8414,-0.8241,0.893625,122.52
955,-0.8528,-0.8264,0.8942125,122.47
956,-0.8504,-0.8342,0.896075,122.43
957,-0.8452,-0.8481,0.8605625,122.48
958,-0.8427,-0.8408,0.9012625,122.45
959,-0.845,-0.8335,0.9090625,122.44
960,-0.846,-0.8178,0.8306375,122.42
961,-0.8625,-0.8243,0.8551124999999999,122.44
962,-0.8469,-0.8257,0.894775,122.44
963,-0.8588,-0.8101,0.867225,122.44
964,-0.8495,-0.8338,0.9052749999999999,122.34
965,-0.8406,-0.8267,0.889325,122.33
966,-0.8461,-0.8174,0.8928375,122.34
967,-0.8468,-0.8184,0.890175,122.56
968,-0.8508,-0.8259,0.89115,122.46
969,-0.8485,-0.8328,0.8975375,122.47
970,-0.8588,-0.8341,0.89125,122.44
971,-0.8466,-0.8239,0.8758,122.49
972,-0.8524,-0.8499,0.903625,122.61
973,-0.8577,-0.8322,0.842,122.59
974,-0.8562,-0.8323,0.899525,122.67
975,-0.8536,-0.8578,0.8996375,122.59
976,-0.8557,-0.8238,0.8947125,122.64
977,-0.8551,-0.8335,0.8875875,122.64
978,-0.8578,-0.8293,0.8894,122.54
979,-0.851,-0.8349,0.8667,122.38
980,-0.858,-0.8439,0.9032,122.36
981,-0.8503,-0.8307,0.9015625,122.42
982,-0.8532,-0.843,0.8955,122.64
983,-0.8546,-0.8128,0.895175,122.62
984,-0.8589,-0.8307,0.8967375,122.54
985,-0.8549,-0.8238,0.8567875,122.53
986,-0.8483,-0.8444,0.9083375,122.47
987,-0.8529,-0.8388,0.902275,122.49
988,-0.863,-0.8139,0.8869125,122.46
989,-0.8545,-0.8497,0.8992,122.48
990,-0.848,-0.8364,0.90545,122.42
991,-0.8539,-0.8224,0.8927875000000001,122.44
992,-0.8582,-0.8264,0.8989625,122.43
993,-0.8542,-0.8217,0.8864125,122.42
994,-0.8541,-0.8409,0.905575,122.35
995,-0.85,-0.837,0.8683,122.31
996,-0.8428,-0.8507,0.9025625,122.51
997,-0.8527,-0.8512,0.9088625,122.5
998,-0.8588,-0.8414,0.8935625,122.49
999,-0.8466,-0.8442,0.8847875000000001,122.63
